book_name,writer_name
ржЪрж┐ржарж┐,рж░рж┐ржжрж╛
ржкрж╛рж╣рж╛рзЬрзЗрж░ ржЪрзВрзЬрж╛,eshrat imroz
ржкржерж╢рж┐рж╢рзБ,рж░рж┐ржжрж╛
рж╕рзБржмрж┐ржорж▓ржмрж╛ржмрзБрж░ рж╕рзНржорж░ржгрзАрзЯ ржмрж╛рж╕ ржЬрж╛рж░рзНржирж┐,Anik Biswas
ржХрзЗ рждрзБржорж┐  (рж╢рзЗрж╖ ржкрж░рзНржм ),Easin Arfat Moin
ржЯрж┐ржнрж┐ржХржержи,Anik Biswas
ржЖржорж┐(рж╢рзЗрж╖ржкрж░рзНржм),eshrat imroz
ржЖржорж┐ (ржкрж░рзНржмрзн),eshrat imroz
ржЖржорж┐ (ржкрж░рзНржмрзм),eshrat imroz
ржЖржорж┐ (ржкрж░рзНржмрзл),eshrat imroz
ржЖрж╕ржХрзНрждрж┐,Anik Biswas
ржЖржорж┐ (ржкрж░рзНржмрзк),eshrat imroz
ржкрзНрж░рж┐рзЯ ржЬрзЯржирзНржд рж╕рзНржпрж╛рж░,Anik Biswas
ржЖржорж┐ (ржкрж░рзНржмрзй),eshrat imroz
ржЖржорж┐ (ржкрж░рзНржмрзи),eshrat imroz
ржЖржорж┐ ржЪржЮрзНржЪрж▓рж╛,Anik
ржЖржорж┐,eshrat imroz
ржЬрж┐рж╣рж╛ржж ржмрж╛ржмрзБ,eshrat imroz
рж░рзЛрж╣рж╛ржи ржмрж┐рж▓рзНрж▓рж╛,eshrat imroz
рждрзБржорж┐ ржЕржирзНржпржирж╛ (рж╢рзЗрж╖ ржкрж░рзНржм),eshrat imroz
ржирзАрж▓ ржжрзНржмрзАржк (рж╢рзЗрж╖ ржкрж░рзНржм),eshrat imroz
ржирзАрж▓ ржжрзНржмрзАржк (ржкрж░рзНржм рзн),eshrat imroz
ржЕржкрзЗржХрзНрж╖рж╛,рж░рж┐ржжрж╛
ржЖржорж┐ ржПржоржиржЗ,Anik Biswas
рждрзБржорж┐ ржЕржирзНржпржирж╛ (ржкрж░рзНржм рзн),eshrat imroz
ржирзАрж▓ ржжрзНржмрзАржк (ржкрж░рзНржм рзм),eshrat imroz
ржирзАрж▓ ржжрзНржмрзАржк (ржкрж░рзНржмрзй),eshrat imroz
ржкрж░рзАржХрзНрж╖рж╛рж░ ржкрзВрж░рзНржмржжрж┐ржи,Anik Biswas
рждрзБржорж┐ ржЕржиржирзНржпрж╛  (ржкрж░рзНржм рзм),eshrat imroz
ржирзАрж▓ ржжрзНржмрзАржк (ржкрж░рзНржм рзл),eshrat imroz
ржирзАрж▓ ржжрзНржмрзАржк  ( ржкрж░рзНржм рзк),eshrat imroz
рждрзБржорж┐ ржЕржиржирзНржпрж╛  (ржкрж░рзНржм рзл),eshrat imroz
ржирзАрж▓ ржжрзНржмрзАржк (ржкрж░рзНржмрзи),eshrat imroz
ржирзАрж▓ ржжрзНржмрзАржк,eshrat imroz
рждрзБржорж┐ ржЕржиржирзНржпрж╛ (ржкрж░рзНржм рзк),eshrat imroz
ржжрзЗржЦрж╛ рж╣рзЯ ржирж╛ржЗ ржЪржХрзНрж╖рзБ ржорзЗрж▓рж┐рзЯрж╛,Anik Biswas
ржЦрж╛ржБржЯрж┐ ржкрж╛ржЧрж▓,Anik Biswas
ржбрж╛ржмрж▓ ржЬрж┐рж░рзЛ,Anik Biswas
рждрзБржорж┐ ржЕржиржирзНржпрж╛ (ржкрж░рзНржм рзй),eshrat imroz
рж░рж╛ржд,Anik
рждрзБржорж┐ ржЕржиржирзНржпрж╛ (ржкрж░рзНржм рзжрзи),eshrat imroz
рждрзБржорж┐ ржЕржиржирзНржпрж╛,eshrat imroz
рж░рж┐ржХрзНрж╕рж╛ржЪрж╛рж▓ржХ,рж░рж┐ржжрж╛
ржЬрзБрждрж╛ ржЪрзЛрж░,Anik Biswas
ржмржЯржорзВрж▓,рж░рж┐ржжрж╛
рж╢рзЗрж╖,Anik
ржХрзЗ рждрзБржорж┐,Easin Arfat Moin
ржЖрж╢рзНржЪрж░рзНржп ржПржХ рж╕рзБржЧржирзНржз,рж░рж┐ржжрж╛
ржзрж╛ржкрзНржкрж╛ржмрж╛ржЬ ржмрж╛ржкрзНржкрж╛ ржЕржержмрж╛ ржзрж╛ржкрзНржкрж╛ржжрж╛,Anik Biswas
ржкрзЬржирзНржд ржмрж┐ржХрзЗрж▓рзЗ...,рж░рж┐ржжрж╛
рж╣рж╛рж╕рзНржпржХрж░ ржПржХ ржХрж╛ржгрзНржб,Anik Biswas
ржЕржжрзНржнрзБржд-ржЙржжрзНржнржЯ,Anik Biswas
ржУржЧрзЛ ржмрж┐ржжрзЗрж╢рж┐ржирзА,Anik Biswas
ржХрзБрж▓ржлрж┐ржУрзЯрж╛рж▓рж╛,Anik Biswas
~ржкрж┐рж▓рзНржЯрзБ,Anik Biswas
рж╕рзЗ.....,рж░рж┐ржжрж╛
ржорж╛ржерж╛ ржмрзНржпрж╛ржерж╛,Anik
ржжрж╛рж░рзНрж╢ржирж┐ржХ ржлрж▓рзНржЯрзБржжрж╛,Anik Biswas
ржирж┐ржжрзНрж░рж╛рж╣рзАржи,Anik Biswas
рж╢рж┐ржХрж╛рж░,Anik Biswas
ржлрж▓рзНржЯрзБржжрж╛рж░ ржкрж░рж┐ржЪрзЯржкрж░рзНржм,Anik Biswas
ржкрзНрж░рждрж┐ржмрж┐ржорзНржм,Anik Biswas
ржЫрзЛржЯ ржжрж╛ржжрзБрж░ ржмрж╛рзЬрж┐рждрзЗ ржХрзЯрзЗржХржжрж┐ржи.....(ржкрж░рзНржм рзз),рж░рж┐ржжрж╛
ржХрзЗржоржи ржЖржЫрзЛ рждрзБржорж┐,Anik Biswas
ржкрж╛рж╢рзЗрж░ ржмрж┐рж▓рзНржбрж┐ржВ ржПрж░ ржЫрж╛ржжрзЗ...,рж░рж┐ржжрж╛
Birthday ржпржЦржи Foolday!!ЁЯО╢,рж░рж┐ржжрж╛
ржЖржмрж╛рж░ ржлрж┐рж░рзЗ ржжрзЗржЦрж╛,Anik Biswas
ржЖрж╕ржХрзНржд,Anik Biswas
ржХржмрж░рж╕рзНржерж╛ржирзЗрж░ ржорж╛ржарзЗ ржПржХрж░рж╛ржд,рж░рж┐ржжрж╛
рж╢рзБржнрзНрж░ ржУ рж░рж╛ржЗрж╕рж╛,рж░рж┐ржжрж╛
ржЙржзрж╛ржУ ||  ржкрж░рзНржм - рзи,ржЕрж░рзНржкржи
ржкрзНрж░рж┐рзЯ ржорж╛,Anik Biswas
ржЕржжрзНржнрзБрждрзБрзЬрзЗ,Anik Biswas
ржХрзЗ ржЫрж┐рж▓???,рж░рж┐ржжрж╛
ржЙржзрж╛ржУ  || ржкрж░рзНржм -рзз,ржЕрж░рзНржкржи
ржирж╛ржо рж╣рзАржи ржЧрж▓рзНржк - рж╢рзЗрж╖рзЗрж░ ржЕржВрж╢,ржмрж┐ржЬржпрж╝ ржШрзЛрж╖
рж╕ржкрзНржи ржпржЦржи рж╣ ржп ржм рж░ рж▓,рж╕рж┐ржХржи
ржирж╛ржо рж╣рзАржи ржЧрж▓рзНржк - ржкрзНрж░ржержо ржЕржВрж╢,ржмрж┐ржЬржпрж╝ ржШрзЛрж╖
ржЖржорж░рж╛ рждрзЛ рж╕ржмрж╛ржЗ ржорж╛ржирзБрж╖!!!!,рж░рж┐ржжрж╛
ржорж┐рж╖рзНржЯрж┐ ржнрж╛рж▓рзЛржмрж╛рж╕рж╛,рж░рж┐ржжрж╛
"""рж░рж╣рж╕рзНржпржорзЯрзА рж╕рзЗржЗ ржлрзЛржи ржХрж▓""",Bristy
ржХрж░рзЛржирж╛,рж░рж┐ржжрж╛
рж╕ржм ржкрзЗрж╢рж╛ржЗ ржХрж┐ рж╕ржорж╛ржи???,рж░рж┐ржжрж╛
ржХрж┐ржЫрзБ ржХрж░рж╛рж░ ржирзЗржЗ,Anik Biswas
ржЫрзЛржЯржЧрж▓рзНржк,Anik Biswas
рж╣рзНржпрж╛ржмрж▓рж╛,Anik Biswas
рж╕рзЗржжрж┐ржи,Anik Biswas
ржЪрж┐рж░ржХрзБржЯ,Anik Biswas
рж▓рж╛рзЯрж▓рж╛,ржЕрж░рзНржкржи
ржЕрж░рзНржкржи,Anik
ржпржЦржи рж╕ржирзНржзрзНржпрж╛ ржирж╛ржорзЗ,Anik Biswas
ржнрзЯ,Anik
ржорж┐ржарзБ,Anik Biswas
ржХрзЯрзЗржХржжрж┐ржи рж╣рж╛рж╕ржкрж╛рждрж╛рж▓рзЗ,Anik Biswas
ржмржирзНржзрзБ,Anik Biswas
ржЕржирзБржХржержи,Anik Biswas
ржЕрзНржпрж╛ржХрзНрж╕рж┐ржбрзЗржирзНржЯ,Anik Biswas
ржнрзЯрзЗрж░ рж░рж╛ржд,Anik Biswas
ржЕржорж╛ржмрж╕рзНржпрж╛рж░ рж░рж╛ржд,Anik
ржжрзГрж╖рзНржЯрж┐ржЧрзЛржЪрж░,Anik
ржмрж┐рж▓рж╛ржк,Anik
